GSTIN, Legal Name, Trade Name, PAN, Constitution of Business, Type of Registration, Date of Registration, Date of Liability, State, State Code, District, Principal Place of Business, Nature of Business Activity, Business Activity, NIC Code, Email, Mobile Number, Additional Place of Business, Authorized Signatory, Designation, Date of Issue
33AABCA1111A1Z1, Apex Precision Gears Private Limited, Apex Gears, AABCA1111A, Private Limited Company, Regular, 20/06/2021, 20/06/2021, Tamil Nadu, 33, Coimbatore, 14, Peelamedu Industrial Area, Coimbatore - 641004, Manufacturer, Manufacture of gears, bearings, and driving elements, 28140, gst@apexgears.example, 9876543210, None, Rajesh Selvan, Managing Director, 20/06/2021
27AABCB2222B1Z2, BlueWave Cloud Tech LLP, BlueWave Technologies, AABCB2222B, Limited Liability Partnership, Regular, 05/09/2022, 05/09/2022, Maharashtra, 27, Pune, 402, Hinjawadi Phase 1, Pune - 411057, Service Provider, IT Consultancy & Cloud Hosting, 62020, gst@bluewavecloud.example, 9876543211, Unit 12, Baner, Pune, Aniket Joshi, Designated Partner, 05/09/2022
29AABCG3333C1Z3, GreenLeaf Agro Foods, GreenLeaf Foods, AABCG3333C, Partnership, Regular, 11/03/2020, 11/03/2020, Karnataka, 29, Mysuru, Plot 88, Hebbal Industrial Area, Mysuru - 570016, Manufacturer, Fruit & Vegetable Processing, 10309, gst@greenleafagro.example, 9876543212, None, Suresh Gowda, Partner, 11/03/2020
07AABCR4444D1Z4, Radiant Logistics India Private Limited, Radiant Express, AABCR4444D, Private Limited Company, Regular, 10/01/2020, 10/01/2020, Delhi, 07, New Delhi, 105, Okhla Phase III, New Delhi - 110020, Service Provider, Freight Forwarding & Logistics, 52291, accounts@radiantlog.example, 9876543213, Warehouse 4, Bijwasan, Delhi, Deepak Sharma, Director, 10/01/2020
24AABCS5555E1Z5, SunCraft Solar Systems, SunCraft Power, AABCS5555E, Sole Proprietorship, Regular, 01/07/2023, 01/07/2023, Gujarat, 24, Ahmedabad, 12, GIDC Vatva, Ahmedabad - 382445, Manufacturer / Trader, Manufacture & Assembly of Solar Panels, 27104, tax@suncraftsolar.example, 9876543214, None, Jayesh Patel, Proprietor, 01/07/2023
36AABCZ6666F1Z6, Zenith Pharma Formulations LLP, Zenith Pharma, AABCZ6666F, Limited Liability Partnership, Regular, 14/02/2021, 14/02/2021, Telangana, 36, Hyderabad, 56, IDA Pashamylaram, Patancheru, Hyderabad - 502307, Manufacturer, Pharmaceutical Formulation & API, 21002, compliance@zenithpharma.example, 9876543215, Depot 2, Uppal, Hyderabad, Dr. K. V. Rao, Designated Partner, 14/02/2021
19AABCO7777G1Z7, Orient Packaging Solutions, Orient Packaging, AABCO7777G, Partnership, Regular, 15/07/2020, 15/07/2020, West Bengal, 19, Howrah, NH 6, Jalan Industrial Complex, Howrah - 711411, Manufacturer, Corrugated Box & Carton Manufacturing, 17022, gst@orientpack.example, 9876543216, None, Subhashish Sen, Partner, 15/07/2020
09AABCM8888H1Z8, Matrix IT Solutions Private Limited, Matrix IT, AABCM8888H, Private Limited Company, Regular, 02/08/2022, 02/08/2022, Uttar Pradesh, 09, Gautam Buddha Nagar, Tower B, Sector 62, Noida - 201309, Service Provider, Custom Software Development & Testing, 62099, finance@matrixitsol.example, 9876543217, None, Pooja Mishra, Director, 02/08/2022
08AABCH9999I1Z9, Heritage Craft Creations, Heritage Crafts, AABCH9999I, Sole Proprietorship, Regular, 18/11/2020, 18/11/2020, Rajasthan, 08, Jaipur, 22, Sitapura Industrial Area, Jaipur - 302022, Manufacturer / Retailer, Traditional Handicrafts & Decorative Articles, 32909, accounts@heritagecraft.example, 9876543218, Shop 5, MI Road, Jaipur, Mahendra Rathore, Proprietor, 18/11/2020
06AABCP1010J1Z0, Prime Automotive Components LLP, Prime Auto Parts, AABCP1010J, Limited Liability Partnership, Regular, 12/08/2020, 12/08/2020, Haryana, 06, Gurugram, Plot 45, Sector 8, IMT Manesar, Gurugram - 122051, Manufacturer, Auto Ancillary & Motor Vehicle Parts, 29301, tax@primeauto.example, 9876543219, None, Vikram Singh, Designated Partner, 12/08/2020
32AABCC1212K1Z1, Coastal Spice Exports, Coastal Spices, AABCC1212K, Partnership, Regular, 15/10/2021, 15/10/2021, Kerala, 32, Ernakulam, 7/12, Willingdon Island, Kochi - 682003, Wholesale / Exporter, Spices Processing & Wholesale, 10795, billing@coastalspice.example, 9876543220, Mattancherry Godown, Kochi, George Mathew, Partner, 15/10/2021
23AABCN1313L1Z2, Narmada Bio-Fertilizers Private Limited, Narmada Organics, AABCN1313L, Private Limited Company, Regular, 01/06/2020, 01/06/2020, Madhya Pradesh, 23, Indore, 90, Sanwer Road Industrial Area, Indore - 452015, Manufacturer, Bio-Fertilizers & Soil Enrichers, 20123, gst@narmadabio.example, 9876543221, None, Rakesh Agrawal, Director, 01/06/2020
37AABCK1414M1Z3, Krishna Aqua Feeds LLP, Krishna Feeds, AABCK1414M, Limited Liability Partnership, Regular, 10/09/2022, 10/09/2022, Andhra Pradesh, 37, Visakhapatnam, Autonagar, Block C, Visakhapatnam - 530012, Manufacturer, Aqua Culture & Fish Feed Manufacturing, 10802, gst@krishnaaqua.example, 9876543222, None, V. Srinivasa Rao, Designated Partner, 10/09/2022
21AABCU1515N1Z4, Utkal Fabricators & Engineers, Utkal Engineering, AABCU1515N, Sole Proprietorship, Regular, 20/01/2020, 20/01/2020, Odisha, 21, Bhubaneswar, Shed 4, Rasulgarh Industrial Estate, Bhubaneswar - 751010, Manufacturer, Fabrication of Structural Metal Products, 25111, accounts@utkalfab.example, 9876543223, None, Debabrata Mohanty, Proprietor, 20/01/2020
03AABCG1616O1Z5, Golden Knitwear Apparels, Golden Knits, AABCG1616O, Partnership, Regular, 19/08/2020, 19/08/2020, Punjab, 03, Ludhiana, 108, Industrial Area A, Ludhiana - 141003, Manufacturer / Exporter, Knitted & Woven Garments, 14101, gst@goldenknit.example, 9876543224, Retail Outlet, Mall Road, Ludhiana, Harpreet Singh, Partner, 19/08/2020
04AABCS1717P1Z6, Shivalik Precision Tools Private Limited, Shivalik Tools, AABCS1717P, Private Limited Company, Regular, 14/11/2021, 14/11/2021, Chandigarh, 04, Chandigarh, 52, Industrial Area Phase II, Chandigarh - 160002, Manufacturer, Industrial Cutting & Mechanics Hand Tools, 25931, finance@shivaliktools.example, 9876543225, None, Raman Gupta, Director, 14/11/2021
10AABCM1818Q1Z7, Mithila Dairy & Food Processing, Mithila Dairy, AABCM1818Q, Partnership, Regular, 05/02/2023, 05/02/2023, Bihar, 10, Patna, F-12, Patliputra Industrial Area, Patna - 800013, Manufacturer / Wholesaler, Dairy Products & Milk Processing, 10501, gst@mithiladairy.example, 9876543226, Cold Storage, Bihta, Patna, Sanjeev Jha, Partner, 05/02/2023
18AABCB1919R1Z8, Brahmaputra Tea Blenders LLP, Brahmaputra Valley Teas, AABCB1919R, Limited Liability Partnership, Regular, 25/07/2020, 25/07/2020, Assam, 18, Kamrup Metropolitan, NH 37, Boragaon, Guwahati - 781033, Manufacturer / Exporter, Tea Processing, Blending & Packaging, 10792, gst@brahmaputratea.example, 9876543227, None, Bhaskar Baruah, Designated Partner, 25/07/2020
20AABCC2020S1Z9, Chotanagpur Minerals & Metals, Chotanagpur Minerals, AABCC2020S, Sole Proprietorship, Regular, 11/05/2022, 11/05/2022, Jharkhand, 20, Ranchi, Plot 33, Kokar Industrial Area, Ranchi - 834001, Manufacturer / Supplier, Non-Metallic Mineral Grinding & Processing, 23999, accounts@chotanagpurmin.example, 9876543228, None, Amit Kumar Pandey, Proprietor, 11/05/2022
05AABCH2121T1Z0, Himalayan Herbals & Extracts Private Limited, Himalayan Organics, AABCH2121T, Private Limited Company, Regular, 01/12/2021, 01/12/2021, Uttarakhand, 05, Dehradun, 77, Selaqui Industrial Area, Dehradun - 248011, Manufacturer, Ayurvedic Medicines & Herbal Extracts, 21003, gst@himalayanherbals.example, 9876543229, Extraction Depot, Rishikesh, Kavita Rawat, Director, 01/12/2021